<?xml version="1.0" encoding="UTF-8"?>
<?xml-stylesheet type='text/xsl' href='C:\Program Files\Geosoft\Desktop Applications 9\user\stylesheets\Geosoft-2018[Geosoft-2018.xslt].xslt'?>
<gmd:MD_Metadata xsi:schemaLocation="http://www.isotc211.org/2005/gmd ../schemas/iso19139fra/gmd/gmd.xsd" xmlns:fo="http://www.w3.org/1999/XSL/Format" xmlns:map="urn:brgm:mapping" xmlns:gmd="http://www.isotc211.org/2005/gmd" xmlns:xsi="http://www.w3.org/2001/XMLSchema-instance" xmlns:xlink="http://www.w3.org/1999/xlink" xmlns:gml="http://www.opengis.net/gml" xmlns:gts="http://www.isotc211.org/2005/gts" xmlns:gmx="http://www.isotc211.org/2005/gmx" xmlns:gfc="http://www.isotc211.org/2005/gfc" xmlns:gco="http://www.isotc211.org/2005/gco">
	<geosoft xmlns="http://www.geosoft.com/schema/geo">
		<dataset version="1">
			<geo:metadata_creation_date xmlns:geo="http://www.geosoft.com/schema/geo">2016-03-24</geo:metadata_creation_date>
			<geo:metadata_created_by xmlns:geo="http://www.geosoft.com/schema/geo">Geosoft Inc.</geo:metadata_created_by>
			<geo:source_scale xmlns:geo="http://www.geosoft.com/schema/geo">30m</geo:source_scale>
			<geo:uom xmlns:geo="http://www.geosoft.com/schema/geo"/>
			<geo:title xmlns:geo="http://www.geosoft.com/schema/geo">SRTM1 Southern Africa and Madagascar</geo:title>
			<geo:unitofmeasurement xmlns:geo="http://www.geosoft.com/schema/geo"/>
			<geo:category xmlns:geo="http://www.geosoft.com/schema/geo">Digital Terrain Model</geo:category>
			<geo:region xmlns:geo="http://www.geosoft.com/schema/geo">Southern Africa and Madagascar</geo:region>
			<geo:continent xmlns:geo="http://www.geosoft.com/schema/geo">Africa</geo:continent>
			<geo:file_format xmlns:geo="http://www.geosoft.com/schema/geo">Geosoft HGD</geo:file_format>
			<geo:resolution xmlns:geo="http://www.geosoft.com/schema/geo"/>
			<geo:weblink xmlns:geo="http://www.geosoft.com/schema/geo"/>
			<geo:data_source xmlns:geo="http://www.geosoft.com/schema/geo">https://lta.cr.usgs.gov/SRTM1Arc</geo:data_source>
			<geo:type xmlns:geo="http://www.geosoft.com/schema/geo">Elevation</geo:type>
			<geo:purpose xmlns:geo="http://www.geosoft.com/schema/geo"/>
			<geo:project_name xmlns:geo="http://www.geosoft.com/schema/geo">SRTM 1 Arc-Second Global</geo:project_name>
			<geo:confidentiality xmlns:geo="http://www.geosoft.com/schema/geo">Public</geo:confidentiality>
			<geo:project_type xmlns:geo="http://www.geosoft.com/schema/geo"/>
			<geo:subject xmlns:geo="http://www.geosoft.com/schema/geo">Geography</geo:subject>
			<geo:description xmlns:geo="http://www.geosoft.com/schema/geo"/>
			<geo:Metadata_created_by xmlns:geo="http://www.geosoft.com/schema/geo"/>
			<geo:data_created_by xmlns:geo="http://www.geosoft.com/schema/geo"/>
			<geo:country xmlns:geo="http://www.geosoft.com/schema/geo">Regional</geo:country>
			<lineage>
				<process name="Geosoft.EIMS.GXNet.dll(Geosoft.EIMS.GX.Seeker.SeekerMainForm;Run)" user="SAFIDY RATOLONANDRASANA DH" version="Version 9.3.3 (20180309.150)" date="2018-05-11" time="13:56:21">
					<parameter name="FIND_DATA::CoordinateSystem" value="GEOGCS[&quot;GCS_WGS_1984&quot;,DATUM[&quot;D_WGS_1984&quot;,SPHEROID[&quot;WGS_1984&quot;,6378137.0,298.257223563]],PRIMEM[&quot;Greenwich&quot;,0.0],UNIT[&quot;Degree&quot;,0.0174532925199433],AUTHORITY[&quot;EPSG&quot;,4326]]" type="string"/>
					<parameter name="FIND_DATA::File" value="..\asa\donne\SRTM 1arc second\SRTM1 Southern Africa and Madagascar.grd(GRD)" type="string"/>
					<parameter name="FIND_DATA::MaxX" value="52" type="string"/>
					<parameter name="FIND_DATA::MaxY" value="-10.452956199646" type="string"/>
					<parameter name="FIND_DATA::MinX" value="41.2456817626953" type="string"/>
					<parameter name="FIND_DATA::MinY" value="-25.9346046447754" type="string"/>
					<parameter name="FIND_DATA::Resolution" value="0.0258" type="string"/>
					<parameter name="FIND_DATA::Title" value="SRTM1 Southern Africa and Madagascar" type="string"/>
					<parameter name="FIND_DATA::Type" value="Grid" type="string"/>
					<parameter name="FIND_DATA::URL" value="http://dap.geosoft.com" type="string"/>
				</process>
			</lineage>
			<georeference>
				<dataextents>
					<extent2d minx="41.226940104166665" miny="-25.968615451388892" maxx="51.982495659722218" maxy="-10.430837673611114"/>
				</dataextents>
				<projection type="GEOGRAPHIC" name="WGS 84" ellipsoid="WGS 84" datum="WGS 84" wellknown_epsg="4326" datumtrf="WGS 84" datumtrf_description="[WGS 84] World" radius="6378137" eccentricity="0.0818191908426215">
					<shift x="0" y="0" z="0"/>
					<units name="dega" unit_scale="1"/>
				</projection>
			</georeference>
		</dataset>
	</geosoft>
	<gmd:identificationInfo>
		<gmd:MD_DataIdentification>
			<gmd:citation>
				<gmd:CI_Citation>
					<gmd:alternateTitle>
						<gco:CharacterString>SRTM 1 Arc-Second Global</gco:CharacterString>
					</gmd:alternateTitle>
					<gmd:title>
						<gco:CharacterString>SRTM1 Southern Africa and Madagascar</gco:CharacterString>
					</gmd:title>
					<gmd:collectiveTitle>
						<gco:CharacterString>SRTM 1 Arc-Second Global</gco:CharacterString>
					</gmd:collectiveTitle>
				</gmd:CI_Citation>
			</gmd:citation>
			<gmd:resourceFormat>
				<gmd:MD_Format>
					<gmd:name>
						<gco:CharacterString>Geosoft HGD</gco:CharacterString>
					</gmd:name>
				</gmd:MD_Format>
			</gmd:resourceFormat>
			<gmd:descriptiveKeywords>
				<gmd:MD_Keywords>
					<gmd:keyword>
						<gco:CharacterString>Digital Terrain Model</gco:CharacterString>
					</gmd:keyword>
					<gmd:keyword>
						<gco:CharacterString>Southern Africa and Madagascar</gco:CharacterString>
					</gmd:keyword>
					<gmd:keyword>
						<gco:CharacterString>Africa</gco:CharacterString>
					</gmd:keyword>
					<gmd:keyword>
						<gco:CharacterString>Elevation</gco:CharacterString>
					</gmd:keyword>
					<gmd:keyword>
						<gco:CharacterString>Geography</gco:CharacterString>
					</gmd:keyword>
					<gmd:keyword>
						<gco:CharacterString>Regional</gco:CharacterString>
					</gmd:keyword>
				</gmd:MD_Keywords>
			</gmd:descriptiveKeywords>
			<gmd:spatialResolution>
				<gmd:MD_Resolution/>
			</gmd:spatialResolution>
			<gmd:resourceSpecificUsage>
				<gmd:MD_Usage>
					<gmd:specificUsage>
						<gco:CharacterString>Public</gco:CharacterString>
					</gmd:specificUsage>
				</gmd:MD_Usage>
			</gmd:resourceSpecificUsage>
			<gmd:extent>
				<gmd:EX_Extent>
					<gmd:geographicElement>
						<gmd:EX_GeographicBoundingBox>
							<gmd:westBoundLongitude>
								<gco:Decimal>41.226940104166665</gco:Decimal>
							</gmd:westBoundLongitude>
							<gmd:eastBoundLongitude>
								<gco:Decimal>51.982495659722218</gco:Decimal>
							</gmd:eastBoundLongitude>
							<gmd:southBoundLatitude>
								<gco:Decimal>-25.968615451388892</gco:Decimal>
							</gmd:southBoundLatitude>
							<gmd:northBoundLatitude>
								<gco:Decimal>-10.430837673611114</gco:Decimal>
							</gmd:northBoundLatitude>
						</gmd:EX_GeographicBoundingBox>
					</gmd:geographicElement>
				</gmd:EX_Extent>
			</gmd:extent>
			<gmd:pointOfContact>
				<gmd:CI_ResponsibleParty>
					<gmd:individualName>
						<gco:CharacterString/>
					</gmd:individualName>
				</gmd:CI_ResponsibleParty>
			</gmd:pointOfContact>
		</gmd:MD_DataIdentification>
	</gmd:identificationInfo>
	<gmd:contact>
		<gmd:CI_ResponsibleParty>
			<gmd:individualName>
				<gco:CharacterString>Geosoft Inc.</gco:CharacterString>
			</gmd:individualName>
		</gmd:CI_ResponsibleParty>
	</gmd:contact>
	<gmd:distrbutionInfo>
		<gmd:MD_Distrbution>
			<gmd:distributionFormat>
				<gmd:MD_Format>
					<gmd:name>
						<gco:CharacterString>Geosoft HGD</gco:CharacterString>
					</gmd:name>
				</gmd:MD_Format>
			</gmd:distributionFormat>
		</gmd:MD_Distrbution>
	</gmd:distrbutionInfo>
	<gmd:dataQualityInfo>
		<gmd:DQ_DataQuality>
			<gmd:lineage>
				<gmd:LI_Lineage>
					<gmd:source>
						<gmd:description>
							<gco:CharacterString>http://topex.ucsd.edu/</gco:CharacterString>
						</gmd:description>
						<gmd:LI_Source>
							<gmd:description>
								<gco:CharacterString>https://lta.cr.usgs.gov/SRTM1Arc</gco:CharacterString>
							</gmd:description>
						</gmd:LI_Source>
					</gmd:source>
					<gmd:processStep xlink:type="Geosoft Process" xlink:title="Geosoft.EIMS.GXNet.dll(Geosoft.EIMS.GX.Seeker.SeekerMainForm;Run)">
						<gmd:LI_ProcessStep>
							<gmd:dateTime>
								<gco:DateTime>2018-05-11T13:56:21</gco:DateTime>
							</gmd:dateTime>
							<gmd:processor>
								<gmd:CI_ResponsibleParty>
									<gmd:individualName>
										<gco:CharacterString>SAFIDY RATOLONANDRASANA DH</gco:CharacterString>
									</gmd:individualName>
								</gmd:CI_ResponsibleParty>
							</gmd:processor>
							<gmd:source xlink:type="Data Parameter" xlink:role="FIND_DATA::CoordinateSystem" xlink:title="GEOGCS[&quot;GCS_WGS_1984&quot;,DATUM[&quot;D_WGS_1984&quot;,SPHEROID[&quot;WGS_1984&quot;,6378137.0,298.257223563]],PRIMEM[&quot;Greenwich&quot;,0.0],UNIT[&quot;Degree&quot;,0.0174532925199433],AUTHORITY[&quot;EPSG&quot;,4326]]">
								<gmd:LI_Source/>
							</gmd:source>
							<gmd:source xlink:type="Data Parameter" xlink:role="FIND_DATA::File" xlink:title="..\asa\donne\SRTM 1arc second\SRTM1 Southern Africa and Madagascar.grd(GRD)">
								<gmd:LI_Source/>
							</gmd:source>
							<gmd:source xlink:type="Data Parameter" xlink:role="FIND_DATA::MaxX" xlink:title="52">
								<gmd:LI_Source/>
							</gmd:source>
							<gmd:source xlink:type="Data Parameter" xlink:role="FIND_DATA::MaxY" xlink:title="-10.452956199646">
								<gmd:LI_Source/>
							</gmd:source>
							<gmd:source xlink:type="Data Parameter" xlink:role="FIND_DATA::MinX" xlink:title="41.2456817626953">
								<gmd:LI_Source/>
							</gmd:source>
							<gmd:source xlink:type="Data Parameter" xlink:role="FIND_DATA::MinY" xlink:title="-25.9346046447754">
								<gmd:LI_Source/>
							</gmd:source>
							<gmd:source xlink:type="Data Parameter" xlink:role="FIND_DATA::Resolution" xlink:title="0.0258">
								<gmd:LI_Source/>
							</gmd:source>
							<gmd:source xlink:type="Data Parameter" xlink:role="FIND_DATA::Title" xlink:title="SRTM1 Southern Africa and Madagascar">
								<gmd:LI_Source/>
							</gmd:source>
							<gmd:source xlink:type="Data Parameter" xlink:role="FIND_DATA::Type" xlink:title="Grid">
								<gmd:LI_Source/>
							</gmd:source>
							<gmd:source xlink:type="Data Parameter" xlink:role="FIND_DATA::URL" xlink:title="http://dap.geosoft.com">
								<gmd:LI_Source/>
							</gmd:source>
						</gmd:LI_ProcessStep>
					</gmd:processStep>
				</gmd:LI_Lineage>
			</gmd:lineage>
		</gmd:DQ_DataQuality>
	</gmd:dataQualityInfo>
	<gmd:dateStamp>
		<gco:Date>2016-3-24</gco:Date>
	</gmd:dateStamp>
	<gmd:referenceSystemInfo>
		<gmd:MD_ReferenceSystem>
			<gmd:referenceSystemIdentifier>
				<gmd:RS_Identifier>
					<gmd:codeSpace>
						<gco:CharacterString>ESRI</gco:CharacterString>
					</gmd:codeSpace>
					<gmd:code>
						<gco:CharacterString>GEOGCS["GCS_WGS_1984",DATUM["D_WGS_1984",SPHEROID["WGS_1984",6378137.0,298.257223563]],PRIMEM["Greenwich",0.0],UNIT["Degree",0.0174532925199433],AUTHORITY["EPSG",4326]]</gco:CharacterString>
					</gmd:code>
					<gmd:version>
						<gco:CharacterString>1</gco:CharacterString>
					</gmd:version>
				</gmd:RS_Identifier>
			</gmd:referenceSystemIdentifier>
		</gmd:MD_ReferenceSystem>
	</gmd:referenceSystemInfo>
</gmd:MD_Metadata>